agent,age,gender,negotiation_id,outcome
mturk_agent_1,31,female,797,21
mturk_agent_2,26,male,797,15
mturk_agent_1,65,male,909,18
mturk_agent_2,34,female,909,23
mturk_agent_1,26,male,135,26
mturk_agent_2,32,female,135,10
mturk_agent_1,50,female,307,17
mturk_agent_2,39,male,307,19
mturk_agent_1,47,female,763,17
mturk_agent_2,33,female,763,19
mturk_agent_1,29,female,551,16
mturk_agent_2,66,female,551,20
mturk_agent_1,26,male,61,18
mturk_agent_2,31,male,61,20
mturk_agent_1,31,female,95,14
mturk_agent_2,31,male,95,22
mturk_agent_1,42,male,338,22
mturk_agent_2,28,male,338,18
mturk_agent_1,18,male,936,19
mturk_agent_2,27,male,936,21
mturk_agent_1,34,female,556,19
mturk_agent_2,47,male,556,23
mturk_agent_1,37,female,764,19
mturk_agent_2,26,female,764,23
mturk_agent_1,37,male,300,18
mturk_agent_2,24,female,300,18
mturk_agent_1,29,male,132,18
mturk_agent_2,39,male,132,20
mturk_agent_1,36,female,59,16
mturk_agent_2,28,male,59,20
mturk_agent_1,30,male,790,16
mturk_agent_2,37,male,790,20
mturk_agent_1,41,male,931,19
mturk_agent_2,48,female,931,17
mturk_agent_1,32,male,569,17
mturk_agent_2,46,male,569,23
mturk_agent_1,32,male,92,23
mturk_agent_2,27,female,92,18
mturk_agent_1,36,female,66,21
mturk_agent_2,35,male,66,17
mturk_agent_1,33,female,336,18
mturk_agent_2,30,male,336,19
mturk_agent_1,36,male,938,22
mturk_agent_2,47,female,938,19
mturk_agent_1,30,male,104,17
mturk_agent_2,25,male,104,19
mturk_agent_1,31,male,560,5
mturk_agent_2,41,male,560,5
mturk_agent_1,29,female,752,19
mturk_agent_2,24,female,752,18
mturk_agent_1,39,female,594,17
mturk_agent_2,26,female,594,20
mturk_agent_1,33,female,907,18
mturk_agent_2,43,female,907,18
mturk_agent_1,71,female,309,14
mturk_agent_2,33,female,309,20
mturk_agent_1,31,male,799,19
mturk_agent_2,26,female,799,21
mturk_agent_1,54,female,50,17
mturk_agent_2,35,female,50,19
mturk_agent_1,33,female,68,20
mturk_agent_2,66,female,68,16
mturk_agent_1,28,male,593,20
mturk_agent_2,27,male,593,17
mturk_agent_1,35,female,755,17
mturk_agent_2,38,female,755,20
mturk_agent_1,31,male,567,19
mturk_agent_2,48,female,567,17
mturk_agent_1,45,male,103,18
mturk_agent_2,34,male,103,22
mturk_agent_1,21,female,331,23
mturk_agent_2,36,male,331,19
mturk_agent_1,24,female,57,16
mturk_agent_2,30,male,57,21
mturk_agent_1,49,male,900,23
mturk_agent_2,33,male,900,19
mturk_agent_1,43,male,558,13
mturk_agent_2,31,female,558,26
mturk_agent_1,31,male,168,19
mturk_agent_2,35,female,168,17
mturk_agent_1,29,male,954,17
mturk_agent_2,42,male,954,22
mturk_agent_1,27,male,391,17
mturk_agent_2,39,female,391,22
mturk_agent_1,43,male,533,20
mturk_agent_2,27,female,533,18
mturk_agent_1,65,male,701,18
mturk_agent_2,28,male,701,22
mturk_agent_1,31,male,365,19
mturk_agent_2,34,female,365,17
mturk_agent_1,30,female,157,17
mturk_agent_2,27,female,157,19
mturk_agent_1,31,male,739,23
mturk_agent_2,29,female,739,19
mturk_agent_1,33,male,953,22
mturk_agent_2,36,male,953,14
mturk_agent_1,28,male,150,17
mturk_agent_2,47,male,150,19
mturk_agent_1,21,female,362,20
mturk_agent_2,44,female,362,18
mturk_agent_1,56,male,706,18
mturk_agent_2,28,female,706,21
mturk_agent_1,26,female,534,18
mturk_agent_2,29,female,534,19
mturk_agent_1,49,female,998,17
mturk_agent_2,36,female,998,19
mturk_agent_1,31,female,396,22
mturk_agent_2,40,male,396,18
mturk_agent_1,36,male,159,19
mturk_agent_2,24,female,159,19
mturk_agent_1,44,female,965,27
mturk_agent_2,35,female,965,7
mturk_agent_1,34,male,32,23
mturk_agent_2,36,female,32,19
mturk_agent_1,42,male,1005,17
mturk_agent_2,30,female,1005,21
mturk_agent_1,32,female,991,20
mturk_agent_2,32,female,991,18
mturk_agent_1,28,female,730,19
mturk_agent_2,28,male,730,17
mturk_agent_1,33,male,502,19
mturk_agent_2,36,female,502,17
mturk_agent_1,40,female,166,17
mturk_agent_2,35,female,166,21
mturk_agent_1,34,male,354,23
mturk_agent_2,27,male,354,19
mturk_agent_1,31,male,192,21
mturk_agent_2,59,male,192,19
mturk_agent_1,40,female,996,20
mturk_agent_2,39,female,996,18
mturk_agent_1,37,male,398,22
mturk_agent_2,34,female,398,17
mturk_agent_1,40,female,1002,18
mturk_agent_2,31,male,1002,18
mturk_agent_1,33,male,35,19
mturk_agent_2,34,female,35,23
mturk_agent_1,24,female,708,21
mturk_agent_2,36,male,708,19
mturk_agent_1,29,male,962,16
mturk_agent_2,59,female,962,18
mturk_agent_1,36,male,195,19
mturk_agent_2,22,male,195,17
mturk_agent_1,25,female,353,19
mturk_agent_2,60,female,353,17
mturk_agent_1,57,male,161,20
mturk_agent_2,43,male,161,17
mturk_agent_1,37,female,505,16
mturk_agent_2,32,female,505,22
mturk_agent_1,28,female,737,18
mturk_agent_2,24,female,737,20
mturk_agent_1,29,female,566,17
mturk_agent_2,36,female,566,19
mturk_agent_1,24,female,754,17
mturk_agent_2,29,male,754,21
mturk_agent_1,30,female,330,22
mturk_agent_2,38,male,330,17
mturk_agent_1,36,male,102,17
mturk_agent_2,55,female,102,19
mturk_agent_1,55,male,592,20
mturk_agent_2,49,male,592,18
mturk_agent_1,30,male,69,21
mturk_agent_2,55,female,69,16
mturk_agent_1,36,female,901,14
mturk_agent_2,56,male,901,25
mturk_agent_1,25,female,559,19
mturk_agent_2,26,female,559,17
mturk_agent_1,48,female,56,16
mturk_agent_2,38,male,56,21
mturk_agent_1,42,male,595,22
mturk_agent_2,31,male,595,17
mturk_agent_1,30,female,105,14
mturk_agent_2,39,female,105,26
mturk_agent_1,29,male,939,5
mturk_agent_2,26,male,939,5
mturk_agent_1,40,female,337,17
mturk_agent_2,33,male,337,22
mturk_agent_1,31,male,753,17
mturk_agent_2,42,male,753,19
mturk_agent_1,30,female,561,23
mturk_agent_2,20,female,561,19
mturk_agent_1,36,male,51,17
mturk_agent_2,36,female,51,23
mturk_agent_1,54,male,798,19
mturk_agent_2,49,male,798,22
mturk_agent_1,39,male,308,19
mturk_agent_2,28,male,308,17
mturk_agent_1,36,male,906,23
mturk_agent_2,65,female,906,18
mturk_agent_1,35,male,791,19
mturk_agent_2,38,male,791,22
mturk_agent_1,34,male,58,23
mturk_agent_2,40,female,58,13
mturk_agent_1,29,male,765,17
mturk_agent_2,18,male,765,19
mturk_agent_1,28,male,557,21
mturk_agent_2,38,female,557,17
mturk_agent_1,26,male,133,21
mturk_agent_2,28,male,133,16
mturk_agent_1,31,male,301,23
mturk_agent_2,26,male,301,17
mturk_agent_1,27,female,67,17
mturk_agent_2,30,female,67,22
mturk_agent_1,56,male,930,26
mturk_agent_2,30,female,930,11
mturk_agent_1,38,male,93,22
mturk_agent_2,45,female,93,18
mturk_agent_1,59,male,568,20
mturk_agent_2,48,female,568,18
mturk_agent_1,25,female,306,15
mturk_agent_2,26,female,306,27
mturk_agent_1,33,female,134,23
mturk_agent_2,31,male,134,19
mturk_agent_1,27,female,908,21
mturk_agent_2,20,female,908,18
mturk_agent_1,33,female,550,18
mturk_agent_2,31,male,550,20
mturk_agent_1,44,male,762,17
mturk_agent_2,32,female,762,21
mturk_agent_1,31,male,796,16
mturk_agent_2,29,male,796,20
mturk_agent_1,54,female,94,17
mturk_agent_2,61,female,94,21
mturk_agent_1,35,male,937,17
mturk_agent_2,23,male,937,19
mturk_agent_1,29,male,339,17
mturk_agent_2,31,male,339,22
mturk_agent_1,44,female,60,17
mturk_agent_2,49,male,60,19
mturk_agent_1,60,female,709,17
mturk_agent_2,23,female,709,20
mturk_agent_1,31,female,963,23
mturk_agent_2,56,male,963,19
mturk_agent_1,24,female,399,21
mturk_agent_2,55,male,399,19
mturk_agent_1,35,male,997,19
mturk_agent_2,51,female,997,17
mturk_agent_1,59,male,34,14
mturk_agent_2,30,male,34,22
mturk_agent_1,56,male,1003,19
mturk_agent_2,41,female,1003,21
mturk_agent_1,34,male,160,21
mturk_agent_2,33,male,160,15
mturk_agent_1,24,female,352,19
mturk_agent_2,41,male,352,22
mturk_agent_1,30,male,736,19
mturk_agent_2,3,male,736,17
mturk_agent_1,27,male,504,23
mturk_agent_2,37,female,504,13
mturk_agent_1,39,female,194,18
mturk_agent_2,32,female,194,16
mturk_agent_1,38,male,1004,23
mturk_agent_2,24,male,1004,18
mturk_agent_1,35,male,33,15
mturk_agent_2,30,male,33,21
mturk_agent_1,26,male,990,22
mturk_agent_2,31,male,990,16
mturk_agent_1,36,male,964,18
mturk_agent_2,25,male,964,22
mturk_agent_1,39,female,158,18
mturk_agent_2,68,male,158,20
mturk_agent_1,27,male,193,20
mturk_agent_2,33,female,193,15
mturk_agent_1,54,female,503,23
mturk_agent_2,31,male,503,19
mturk_agent_1,39,female,731,18
mturk_agent_2,42,female,731,18
mturk_agent_1,54,female,355,20
mturk_agent_2,36,male,355,18
mturk_agent_1,30,male,167,23
mturk_agent_2,34,male,167,19
mturk_agent_1,24,female,738,19
mturk_agent_2,29,male,738,23
mturk_agent_1,31,female,952,19
mturk_agent_2,38,male,952,18
mturk_agent_1,39,female,397,17
mturk_agent_2,52,female,397,19
mturk_agent_1,33,male,999,21
mturk_agent_2,27,male,999,19
mturk_agent_1,31,male,363,17
mturk_agent_2,36,female,363,20
mturk_agent_1,38,female,151,23
mturk_agent_2,19,female,151,18
mturk_agent_1,54,male,535,17
mturk_agent_2,30,female,535,21
mturk_agent_1,55,female,707,23
mturk_agent_2,29,male,707,18
mturk_agent_1,37,female,955,19
mturk_agent_2,37,male,955,17
mturk_agent_1,31,male,169,19
mturk_agent_2,31,female,169,23
mturk_agent_1,65,male,700,21
mturk_agent_2,45,male,700,15
mturk_agent_1,27,male,532,19
mturk_agent_2,40,female,532,19
mturk_agent_1,31,female,156,7
mturk_agent_2,28,male,156,29
mturk_agent_1,36,male,364,19
mturk_agent_2,49,male,364,19
mturk_agent_1,34,female,390,18
mturk_agent_2,29,male,390,23
mturk_agent_1,46,male,686,18
mturk_agent_2,31,female,686,20
mturk_agent_1,24,female,818,19
mturk_agent_2,27,male,818,23
mturk_agent_1,24,male,216,18
mturk_agent_2,35,female,216,22
mturk_agent_1,27,female,672,19
mturk_agent_2,49,female,672,17
mturk_agent_1,25,male,440,22
mturk_agent_2,55,female,440,13
mturk_agent_1,28,female,229,23
mturk_agent_2,31,female,229,18
mturk_agent_1,59,male,827,22
mturk_agent_2,36,male,827,19
mturk_agent_1,53,female,447,15
mturk_agent_2,52,female,447,20
mturk_agent_1,32,female,675,20
mturk_agent_2,50,female,675,17
mturk_agent_1,36,female,211,17
mturk_agent_2,56,female,211,20
mturk_agent_1,28,male,681,5
mturk_agent_2,33,female,681,5
mturk_agent_1,51,female,820,19
mturk_agent_2,38,female,820,17
mturk_agent_1,24,male,478,18
mturk_agent_2,32,female,478,20
mturk_agent_1,31,female,227,16
mturk_agent_2,47,male,227,21
mturk_agent_1,29,female,829,22
mturk_agent_2,34,female,829,18
mturk_agent_1,44,female,471,23
mturk_agent_2,43,male,471,18
mturk_agent_1,34,female,643,18
mturk_agent_2,42,female,643,20
mturk_agent_1,27,male,485,16
mturk_agent_2,38,male,485,21
mturk_agent_1,33,female,816,19
mturk_agent_2,35,male,816,17
mturk_agent_1,47,female,218,25
mturk_agent_2,32,female,218,14
mturk_agent_1,34,female,688,18
mturk_agent_2,38,male,688,20
mturk_agent_1,34,female,482,19
mturk_agent_2,32,female,482,19
mturk_agent_1,35,male,644,19
mturk_agent_2,50,female,644,21
mturk_agent_1,27,male,476,18
mturk_agent_2,36,male,476,18
mturk_agent_1,34,female,220,16
mturk_agent_2,29,male,220,20
mturk_agent_1,65,male,811,20
mturk_agent_2,29,female,811,18
mturk_agent_1,33,female,449,17
mturk_agent_2,34,female,449,20
mturk_agent_1,33,female,845,19
mturk_agent_2,33,female,845,17
mturk_agent_1,55,male,280,16
mturk_agent_2,24,female,280,21
mturk_agent_1,33,male,422,23
mturk_agent_2,37,female,422,17
mturk_agent_1,32,female,610,18
mturk_agent_2,29,male,610,20
mturk_agent_1,45,female,274,23
mturk_agent_2,32,male,274,19
mturk_agent_1,34,female,628,26
mturk_agent_2,52,male,628,10
mturk_agent_1,18,male,842,19
mturk_agent_2,29,female,842,23
mturk_agent_1,33,male,273,16
mturk_agent_2,37,male,273,20
mturk_agent_1,33,female,617,17
mturk_agent_2,40,male,617,19
mturk_agent_1,33,male,425,20
mturk_agent_2,26,female,425,16
mturk_agent_1,41,female,889,21
mturk_agent_2,25,male,889,19
mturk_agent_1,26,female,287,20
mturk_agent_2,31,male,287,18
mturk_agent_1,28,male,874,18
mturk_agent_2,38,female,874,20
mturk_agent_1,33,female,880,21
mturk_agent_2,33,male,880,16
mturk_agent_1,36,female,621,16
mturk_agent_2,33,female,621,20
mturk_agent_1,31,female,413,23
mturk_agent_2,29,male,413,15
mturk_agent_1,36,female,245,19
mturk_agent_2,39,female,245,23
mturk_agent_1,40,female,887,18
mturk_agent_2,36,female,887,18
mturk_agent_1,41,female,289,22
mturk_agent_2,54,male,289,19
mturk_agent_1,27,female,619,17
mturk_agent_2,30,male,619,19
mturk_agent_1,19,female,873,19
mturk_agent_2,27,female,873,17
mturk_agent_1,19,female,242,19
mturk_agent_2,36,female,242,17
mturk_agent_1,33,male,414,19
mturk_agent_2,37,female,414,17
mturk_agent_1,40,male,626,17
mturk_agent_2,59,female,626,20
mturk_agent_1,31,male,477,19
mturk_agent_2,38,male,477,18
mturk_agent_1,29,male,645,17
mturk_agent_2,40,male,645,21
mturk_agent_1,44,female,221,5
mturk_agent_2,57,male,221,5
mturk_agent_1,33,female,483,19
mturk_agent_2,35,female,483,17
mturk_agent_1,40,female,810,19
mturk_agent_2,24,female,810,17
mturk_agent_1,56,female,448,19
mturk_agent_2,38,female,448,23
mturk_agent_1,29,male,484,19
mturk_agent_2,47,male,484,17
mturk_agent_1,42,male,828,21
mturk_agent_2,41,female,828,17
mturk_agent_1,30,female,226,18
mturk_agent_2,33,male,226,20
mturk_agent_1,32,male,642,21
mturk_agent_2,34,female,642,17
mturk_agent_1,37,male,470,18
mturk_agent_2,31,male,470,20
mturk_agent_1,37,male,689,5
mturk_agent_2,28,female,689,5
mturk_agent_1,28,female,219,22
mturk_agent_2,38,female,219,17
mturk_agent_1,29,male,817,17
mturk_agent_2,60,male,817,21
mturk_agent_1,38,female,680,18
mturk_agent_2,30,female,680,22
mturk_agent_1,34,male,674,19
mturk_agent_2,35,female,674,17
mturk_agent_1,25,male,446,20
mturk_agent_2,44,female,446,17
mturk_agent_1,40,female,210,22
mturk_agent_2,54,male,210,18
mturk_agent_1,36,female,821,20
mturk_agent_2,34,male,821,18
mturk_agent_1,28,female,479,22
mturk_agent_2,48,male,479,14
mturk_agent_1,27,male,217,19
mturk_agent_2,39,female,217,17
mturk_agent_1,29,male,819,18
mturk_agent_2,30,male,819,18
mturk_agent_1,30,male,441,19
mturk_agent_2,37,male,441,17
mturk_agent_1,52,male,673,21
mturk_agent_2,35,male,673,16
mturk_agent_1,40,male,687,23
mturk_agent_2,39,male,687,13
mturk_agent_1,38,female,826,20
mturk_agent_2,43,male,826,16
mturk_agent_1,27,male,228,17
mturk_agent_2,45,male,228,20
mturk_agent_1,40,female,618,19
mturk_agent_2,31,male,618,21
mturk_agent_1,35,male,872,20
mturk_agent_2,21,male,872,18
mturk_agent_1,42,female,288,21
mturk_agent_2,25,male,288,17
mturk_agent_1,31,female,886,21
mturk_agent_2,31,male,886,16
mturk_agent_1,26,male,243,20
mturk_agent_2,34,female,243,17
mturk_agent_1,36,female,627,20
mturk_agent_2,35,male,627,18
mturk_agent_1,29,male,415,21
mturk_agent_2,29,male,415,15
mturk_agent_1,36,male,881,5
mturk_agent_2,38,male,881,5
mturk_agent_1,38,male,875,23
mturk_agent_2,36,male,875,19
mturk_agent_1,32,female,412,15
mturk_agent_2,24,female,412,20
mturk_agent_1,26,female,620,20
mturk_agent_2,43,male,620,16
mturk_agent_1,37,male,244,23
mturk_agent_2,35,female,244,14
mturk_agent_1,49,male,629,19
mturk_agent_2,30,male,629,15
mturk_agent_1,25,male,843,27
mturk_agent_2,42,female,843,12
mturk_agent_1,30,female,286,19
mturk_agent_2,33,female,286,23
mturk_agent_1,33,female,888,23
mturk_agent_2,44,female,888,14
mturk_agent_1,24,female,272,17
mturk_agent_2,35,female,272,19
mturk_agent_1,44,female,424,20
mturk_agent_2,35,female,424,18
mturk_agent_1,30,female,616,22
mturk_agent_2,45,male,616,14
mturk_agent_1,45,female,844,15
mturk_agent_2,29,female,844,20
mturk_agent_1,31,female,611,18
mturk_agent_2,57,male,611,21
mturk_agent_1,38,female,423,24
mturk_agent_2,31,female,423,15
mturk_agent_1,41,male,275,20
mturk_agent_2,35,male,275,18
mturk_agent_1,31,male,281,19
mturk_agent_2,41,female,281,23
mturk_agent_1,63,female,257,17
mturk_agent_2,37,female,257,19
mturk_agent_1,37,male,859,18
mturk_agent_2,31,female,859,20
mturk_agent_1,19,female,401,19
mturk_agent_2,24,female,401,17
mturk_agent_1,31,female,633,19
mturk_agent_2,42,male,633,21
mturk_agent_1,30,male,866,19
mturk_agent_2,37,female,866,22
mturk_agent_1,29,female,268,17
mturk_agent_2,33,male,268,20
mturk_agent_1,29,female,892,19
mturk_agent_2,38,female,892,23
mturk_agent_1,36,female,634,19
mturk_agent_2,38,male,634,23
mturk_agent_1,48,female,406,17
mturk_agent_2,46,female,406,19
mturk_agent_1,45,female,250,19
mturk_agent_2,37,male,250,17
mturk_agent_1,24,female,895,5
mturk_agent_2,33,female,895,5
mturk_agent_1,39,female,861,18
mturk_agent_2,42,male,861,20
mturk_agent_1,40,male,439,22
mturk_agent_2,25,female,439,14
mturk_agent_1,41,female,292,17
mturk_agent_2,54,female,292,20
mturk_agent_1,35,male,868,20
mturk_agent_2,27,female,868,17
mturk_agent_1,63,female,266,18
mturk_agent_2,57,male,266,23
mturk_agent_1,40,female,602,19
mturk_agent_2,46,male,602,17
mturk_agent_1,31,male,430,12
mturk_agent_2,68,male,430,24
mturk_agent_1,51,male,259,20
mturk_agent_2,31,male,259,18
mturk_agent_1,38,female,857,21
mturk_agent_2,50,female,857,16
mturk_agent_1,33,female,437,16
mturk_agent_2,28,female,437,21
mturk_agent_1,33,female,605,5
mturk_agent_2,41,male,605,5
mturk_agent_1,42,male,261,5
mturk_agent_2,60,male,261,5
mturk_agent_1,29,female,295,20
mturk_agent_2,29,male,295,16
mturk_agent_1,34,male,850,19
mturk_agent_2,36,male,850,22
mturk_agent_1,44,male,408,20
mturk_agent_2,33,female,408,15
mturk_agent_1,28,male,804,23
mturk_agent_2,50,female,804,19
mturk_agent_1,39,female,651,18
mturk_agent_2,33,female,651,18
mturk_agent_1,63,female,463,19
mturk_agent_2,57,male,463,23
mturk_agent_1,36,female,235,20
mturk_agent_2,35,female,235,16
mturk_agent_1,38,male,497,18
mturk_agent_2,34,male,497,20
mturk_agent_1,35,male,669,19
mturk_agent_2,25,male,669,19
mturk_agent_1,29,male,803,18
mturk_agent_2,43,male,803,18
mturk_agent_1,38,male,490,19
mturk_agent_2,25,female,490,17
mturk_agent_1,26,female,232,18
mturk_agent_2,34,female,232,22
mturk_agent_1,65,female,464,22
mturk_agent_2,49,female,464,14
mturk_agent_1,36,male,656,18
mturk_agent_2,27,female,656,23
mturk_agent_1,23,male,499,18
mturk_agent_2,19,female,499,22
mturk_agent_1,36,female,835,19
mturk_agent_2,59,female,835,23
mturk_agent_1,24,female,694,17
mturk_agent_2,39,female,694,20
mturk_agent_1,40,male,452,17
mturk_agent_2,36,female,452,19
mturk_agent_1,27,male,660,18
mturk_agent_2,58,male,660,22
mturk_agent_1,31,male,204,18
mturk_agent_2,37,male,204,18
mturk_agent_1,42,male,658,18
mturk_agent_2,22,male,658,21
mturk_agent_1,32,female,832,17
mturk_agent_2,29,male,832,22
mturk_agent_1,26,female,203,23
mturk_agent_2,37,male,203,18
mturk_agent_1,40,male,667,15
mturk_agent_2,39,female,667,20
mturk_agent_1,39,female,455,14
mturk_agent_2,27,male,455,22
mturk_agent_1,28,female,693,19
mturk_agent_2,29,female,693,23
mturk_agent_1,31,male,294,20
mturk_agent_2,31,male,294,17
mturk_agent_1,24,female,604,18
mturk_agent_2,25,female,604,18
mturk_agent_1,46,male,436,22
mturk_agent_2,31,male,436,19
mturk_agent_1,28,female,260,21
mturk_agent_2,52,male,260,16
mturk_agent_1,39,female,851,19
mturk_agent_2,38,male,851,17
mturk_agent_1,33,female,409,18
mturk_agent_2,29,female,409,22
mturk_agent_1,25,female,267,17
mturk_agent_2,65,male,267,19
mturk_agent_1,39,male,869,16
mturk_agent_2,18,male,869,21
mturk_agent_1,31,male,431,23
mturk_agent_2,33,male,431,19
mturk_agent_1,27,female,603,23
mturk_agent_2,55,female,603,13
mturk_agent_1,33,male,293,16
mturk_agent_2,42,female,293,20
mturk_agent_1,37,male,856,15
mturk_agent_2,42,male,856,20
mturk_agent_1,38,female,258,18
mturk_agent_2,66,female,258,20
mturk_agent_1,32,female,407,22
mturk_agent_2,25,female,407,14
mturk_agent_1,42,male,635,5
mturk_agent_2,57,male,635,5
mturk_agent_1,30,male,251,18
mturk_agent_2,35,female,251,22
mturk_agent_1,29,female,860,19
mturk_agent_2,26,female,860,23
mturk_agent_1,47,male,438,16
mturk_agent_2,42,male,438,22
mturk_agent_1,65,female,894,18
mturk_agent_2,22,male,894,19
mturk_agent_1,30,male,858,20
mturk_agent_2,41,male,858,18
mturk_agent_1,65,female,256,20
mturk_agent_2,30,male,256,17
mturk_agent_1,34,female,632,17
mturk_agent_2,19,female,632,21
mturk_agent_1,35,female,400,19
mturk_agent_2,35,female,400,17
mturk_agent_1,34,female,893,17
mturk_agent_2,42,male,893,22
mturk_agent_1,28,female,269,14
mturk_agent_2,32,female,269,25
mturk_agent_1,43,male,867,12
mturk_agent_2,34,male,867,24
mturk_agent_1,56,male,659,19
mturk_agent_2,58,male,659,19
mturk_agent_1,50,female,833,17
mturk_agent_2,65,male,833,19
mturk_agent_1,39,male,692,18
mturk_agent_2,35,male,692,20
mturk_agent_1,41,female,202,20
mturk_agent_2,57,male,202,17
mturk_agent_1,39,female,454,23
mturk_agent_2,29,female,454,19
mturk_agent_1,28,male,666,23
mturk_agent_2,44,female,666,19
mturk_agent_1,26,female,834,19
mturk_agent_2,36,female,834,17
mturk_agent_1,38,male,498,19
mturk_agent_2,46,male,498,17
mturk_agent_1,29,female,661,19
mturk_agent_2,42,male,661,17
mturk_agent_1,35,female,453,21
mturk_agent_2,29,female,453,16
mturk_agent_1,37,male,205,5
mturk_agent_2,44,male,205,32
mturk_agent_1,51,female,695,23
mturk_agent_2,39,female,695,19
mturk_agent_1,35,female,668,20
mturk_agent_2,29,female,668,17
mturk_agent_1,35,male,802,5
mturk_agent_2,35,male,802,5
mturk_agent_1,37,female,233,18
mturk_agent_2,66,female,233,20
mturk_agent_1,25,male,657,20
mturk_agent_2,29,female,657,17
mturk_agent_1,49,female,465,18
mturk_agent_2,37,male,465,20
mturk_agent_1,38,female,491,17
mturk_agent_2,38,male,491,19
mturk_agent_1,55,male,805,23
mturk_agent_2,24,female,805,19
mturk_agent_1,34,female,496,14
mturk_agent_2,37,male,496,23
mturk_agent_1,28,female,462,19
mturk_agent_2,34,male,462,18
mturk_agent_1,27,female,650,17
mturk_agent_2,29,female,650,19
mturk_agent_1,26,male,234,20
mturk_agent_2,30,male,234,18
mturk_agent_1,21,female,346,19
mturk_agent_2,35,male,346,19
mturk_agent_1,36,male,948,19
mturk_agent_2,18,male,948,23
mturk_agent_1,55,female,174,18
mturk_agent_2,39,female,174,18
mturk_agent_1,45,male,510,23
mturk_agent_2,33,female,510,19
mturk_agent_1,38,female,722,21
mturk_agent_2,45,male,722,16
mturk_agent_1,63,female,1028,22
mturk_agent_2,29,male,1028,18
mturk_agent_1,34,female,180,21
mturk_agent_2,41,female,180,17
mturk_agent_1,37,male,977,21
mturk_agent_2,49,male,977,19
mturk_agent_1,19,female,379,16
mturk_agent_2,31,male,379,21
mturk_agent_1,40,female,983,22
mturk_agent_2,55,male,983,18
mturk_agent_1,30,female,1017,5
mturk_agent_2,29,male,1017,5
mturk_agent_1,24,male,20,23
mturk_agent_2,35,male,20,17
mturk_agent_1,33,female,187,17
mturk_agent_2,26,male,187,19
mturk_agent_1,30,female,18,21
mturk_agent_2,40,male,18,17
mturk_agent_1,29,male,725,12
mturk_agent_2,26,female,725,24
mturk_agent_1,27,female,517,21
mturk_agent_2,29,male,517,18
mturk_agent_1,20,male,173,20
mturk_agent_2,45,male,173,16
mturk_agent_1,27,female,341,17
mturk_agent_2,42,male,341,23
mturk_agent_1,35,female,27,14
mturk_agent_2,41,female,27,22
mturk_agent_1,37,male,1010,18
mturk_agent_2,29,female,1010,23
mturk_agent_1,35,male,9,17
mturk_agent_2,39,female,9,20
mturk_agent_1,36,female,984,19
mturk_agent_2,35,female,984,17
mturk_agent_1,26,female,970,15
mturk_agent_2,31,male,970,19
mturk_agent_1,39,female,528,17
mturk_agent_2,26,male,528,21
mturk_agent_1,43,male,1019,17
mturk_agent_2,40,female,1019,20
mturk_agent_1,43,male,0,19
mturk_agent_2,22,female,0,18
mturk_agent_1,41,female,383,25
mturk_agent_2,65,female,383,13
mturk_agent_1,26,female,979,19
mturk_agent_2,32,female,979,17
mturk_agent_1,33,female,145,17
mturk_agent_2,46,male,145,23
mturk_agent_1,30,male,377,22
mturk_agent_2,36,male,377,14
mturk_agent_1,34,female,713,17
mturk_agent_2,40,male,713,22
mturk_agent_1,30,male,521,29
mturk_agent_2,43,male,521,9
mturk_agent_1,55,female,11,19
mturk_agent_2,33,female,11,17
mturk_agent_1,40,male,1026,19
mturk_agent_2,33,male,1026,19
mturk_agent_1,27,male,348,19
mturk_agent_2,41,female,348,22
mturk_agent_1,30,female,946,23
mturk_agent_2,27,male,946,19
mturk_agent_1,32,female,526,23
mturk_agent_2,28,female,526,19
mturk_agent_1,52,male,714,26
mturk_agent_2,44,male,714,10
mturk_agent_1,25,male,370,19
mturk_agent_2,30,male,370,17
mturk_agent_1,30,female,142,5
mturk_agent_2,35,male,142,5
mturk_agent_1,40,male,384,14
mturk_agent_2,43,male,384,23
mturk_agent_1,29,male,7,18
mturk_agent_2,33,female,7,22
mturk_agent_1,27,male,29,17
mturk_agent_2,33,male,29,20
mturk_agent_1,37,male,941,17
mturk_agent_2,50,male,941,19
mturk_agent_1,41,male,519,20
mturk_agent_2,33,female,519,18
mturk_agent_1,25,male,1021,17
mturk_agent_2,24,female,1021,19
mturk_agent_1,39,male,16,17
mturk_agent_2,66,female,16,20
mturk_agent_1,29,male,189,18
mturk_agent_2,31,male,189,20
mturk_agent_1,19,female,129,22
mturk_agent_2,35,female,129,18
mturk_agent_1,34,female,915,17
mturk_agent_2,37,male,915,19
mturk_agent_1,35,female,42,19
mturk_agent_2,23,female,42,18
mturk_agent_1,39,female,740,21
mturk_agent_2,33,female,740,19
mturk_agent_1,22,female,89,22
mturk_agent_2,35,male,89,18
mturk_agent_1,29,female,572,18
mturk_agent_2,36,female,572,18
mturk_agent_1,19,female,116,18
mturk_agent_2,34,female,116,23
mturk_agent_1,43,male,324,23
mturk_agent_2,59,male,324,19
mturk_agent_1,41,male,586,17
mturk_agent_2,25,male,586,21
mturk_agent_1,33,male,45,18
mturk_agent_2,19,male,45,20
mturk_agent_1,22,male,778,14
mturk_agent_2,44,male,778,23
mturk_agent_1,46,male,912,19
mturk_agent_2,37,male,912,17
mturk_agent_1,59,female,581,19
mturk_agent_2,26,female,581,17
mturk_agent_1,28,male,323,21
mturk_agent_2,24,female,323,18
mturk_agent_1,40,female,111,13
mturk_agent_2,30,male,111,23
mturk_agent_1,45,female,575,19
mturk_agent_2,28,male,575,17
mturk_agent_1,57,female,747,20
mturk_agent_2,24,female,747,17
mturk_agent_1,48,male,588,17
mturk_agent_2,39,female,588,20
mturk_agent_1,50,male,73,6
mturk_agent_2,46,male,73,28
mturk_agent_1,28,male,118,17
mturk_agent_2,25,female,118,21
mturk_agent_1,31,female,924,24
mturk_agent_2,31,male,924,12
mturk_agent_1,29,male,87,19
mturk_agent_2,38,male,87,17
mturk_agent_1,42,female,785,18
mturk_agent_2,44,male,785,20
mturk_agent_1,37,male,543,21
mturk_agent_2,40,male,543,19
mturk_agent_1,34,female,771,16
mturk_agent_2,20,male,771,20
mturk_agent_1,28,female,315,21
mturk_agent_2,34,female,315,16
mturk_agent_1,28,female,127,17
mturk_agent_2,55,male,127,19
mturk_agent_1,27,male,80,19
mturk_agent_2,3,male,80,23
mturk_agent_1,23,male,749,23
mturk_agent_2,38,male,749,19
mturk_agent_1,46,male,923,22
mturk_agent_2,31,female,923,17
mturk_agent_1,42,male,74,17
mturk_agent_2,23,male,74,19
mturk_agent_1,34,female,120,17
mturk_agent_2,29,male,120,19
mturk_agent_1,51,female,312,22
mturk_agent_2,33,female,312,18
mturk_agent_1,35,female,776,25
mturk_agent_2,27,male,776,14
mturk_agent_1,55,female,544,23
mturk_agent_2,20,female,544,18
mturk_agent_1,36,female,782,15
mturk_agent_2,29,female,782,20
mturk_agent_1,43,female,6,18
mturk_agent_2,24,female,6,21
mturk_agent_1,50,female,385,20
mturk_agent_2,39,female,385,15
mturk_agent_1,28,female,28,22
mturk_agent_2,26,male,28,14
mturk_agent_1,42,female,715,16
mturk_agent_2,34,female,715,21
mturk_agent_1,29,male,527,22
mturk_agent_2,35,male,527,19
mturk_agent_1,33,female,143,21
mturk_agent_2,28,male,143,17
mturk_agent_1,35,male,371,16
mturk_agent_2,21,male,371,19
mturk_agent_1,34,female,17,18
mturk_agent_2,37,female,17,20
mturk_agent_1,52,female,1020,18
mturk_agent_2,38,female,1020,22
mturk_agent_1,30,male,188,16
mturk_agent_2,24,female,188,20
mturk_agent_1,39,female,940,17
mturk_agent_2,54,female,940,21
mturk_agent_1,24,female,518,21
mturk_agent_2,38,male,518,17
mturk_agent_1,33,female,376,16
mturk_agent_2,27,male,376,21
mturk_agent_1,29,female,144,19
mturk_agent_2,63,female,144,17
mturk_agent_1,43,female,978,18
mturk_agent_2,43,female,978,22
mturk_agent_1,33,female,520,17
mturk_agent_2,63,female,520,21
mturk_agent_1,34,male,712,23
mturk_agent_2,30,female,712,13
mturk_agent_1,29,female,1018,20
mturk_agent_2,28,male,1018,16
mturk_agent_1,25,male,382,20
mturk_agent_2,19,female,382,17
mturk_agent_1,24,female,1,19
mturk_agent_2,43,female,1,17
mturk_agent_1,37,male,947,14
mturk_agent_2,51,female,947,25
mturk_agent_1,45,male,349,18
mturk_agent_2,39,male,349,20
mturk_agent_1,19,female,1027,23
mturk_agent_2,37,male,1027,19
mturk_agent_1,43,male,10,18
mturk_agent_2,30,male,10,18
mturk_agent_1,43,female,516,19
mturk_agent_2,68,male,516,15
mturk_agent_1,38,male,724,16
mturk_agent_2,34,female,724,20
mturk_agent_1,46,female,340,17
mturk_agent_2,33,female,340,19
mturk_agent_1,43,male,172,20
mturk_agent_2,37,female,172,18
mturk_agent_1,55,male,186,18
mturk_agent_2,41,male,186,23
mturk_agent_1,33,male,19,5
mturk_agent_2,34,male,19,5
mturk_agent_1,31,female,971,19
mturk_agent_2,31,female,971,17
mturk_agent_1,45,female,529,20
mturk_agent_2,32,female,529,17
mturk_agent_1,38,male,1011,20
mturk_agent_2,37,male,1011,16
mturk_agent_1,45,female,26,14
mturk_agent_2,49,male,26,23
mturk_agent_1,30,male,8,22
mturk_agent_2,25,male,8,19
mturk_agent_1,38,male,985,5
mturk_agent_2,19,female,985,5
mturk_agent_1,35,male,1029,18
mturk_agent_2,41,female,1029,21
mturk_agent_1,34,female,181,20
mturk_agent_2,67,female,181,17
mturk_agent_1,28,male,175,19
mturk_agent_2,34,male,175,23
mturk_agent_1,70,male,949,19
mturk_agent_2,32,male,949,19
mturk_agent_1,32,female,347,19
mturk_agent_2,40,female,347,17
mturk_agent_1,38,female,723,17
mturk_agent_2,41,male,723,21
mturk_agent_1,51,male,511,20
mturk_agent_2,30,male,511,17
mturk_agent_1,32,female,982,20
mturk_agent_2,24,female,982,18
mturk_agent_1,54,male,21,16
mturk_agent_2,27,male,21,20
mturk_agent_1,27,male,1016,20
mturk_agent_2,63,female,1016,16
mturk_agent_1,49,female,378,23
mturk_agent_2,19,male,378,17
mturk_agent_1,36,female,976,22
mturk_agent_2,36,male,976,17
mturk_agent_1,25,male,75,17
mturk_agent_2,49,male,75,20
mturk_agent_1,55,female,748,22
mturk_agent_2,33,female,748,19
mturk_agent_1,38,female,81,14
mturk_agent_2,40,male,81,23
mturk_agent_1,27,male,922,21
mturk_agent_2,48,female,922,19
mturk_agent_1,55,male,783,14
mturk_agent_2,33,male,783,23
mturk_agent_1,32,male,313,5
mturk_agent_2,25,male,313,5
mturk_agent_1,28,male,121,23
mturk_agent_2,31,male,121,18
mturk_agent_1,27,female,545,21
mturk_agent_2,45,male,545,17
mturk_agent_1,19,female,777,19
mturk_agent_2,42,male,777,18
mturk_agent_1,35,female,925,19
mturk_agent_2,29,male,925,17
mturk_agent_1,31,female,119,18
mturk_agent_2,56,female,119,18
mturk_agent_1,52,female,72,25
mturk_agent_2,37,male,72,13
mturk_agent_1,22,male,589,20
mturk_agent_2,34,male,589,18
mturk_agent_1,47,male,770,18
mturk_agent_2,39,female,770,23
mturk_agent_1,62,female,542,17
mturk_agent_2,33,female,542,21
mturk_agent_1,27,female,126,5
mturk_agent_2,47,female,126,5
mturk_agent_1,28,male,314,18
mturk_agent_2,22,female,314,20
mturk_agent_1,32,male,784,19
mturk_agent_2,33,female,784,22
mturk_agent_1,31,male,779,18
mturk_agent_2,35,male,779,18
mturk_agent_1,37,male,913,20
mturk_agent_2,66,female,913,16
mturk_agent_1,30,male,44,5
mturk_agent_2,54,female,44,5
mturk_agent_1,35,male,110,20
mturk_agent_2,34,female,110,17
mturk_agent_1,34,female,322,17
mturk_agent_2,31,male,322,19
mturk_agent_1,32,male,746,21
mturk_agent_2,40,male,746,17
mturk_agent_1,31,female,574,21
mturk_agent_2,31,male,574,19
mturk_agent_1,34,male,580,23
mturk_agent_2,62,female,580,19
mturk_agent_1,45,female,43,21
mturk_agent_2,70,female,43,17
mturk_agent_1,34,female,914,17
mturk_agent_2,27,male,914,19
mturk_agent_1,36,female,128,18
mturk_agent_2,39,female,128,22
mturk_agent_1,33,male,587,23
mturk_agent_2,37,male,587,19
mturk_agent_1,68,male,573,16
mturk_agent_2,33,male,573,20
mturk_agent_1,23,male,88,16
mturk_agent_2,24,male,88,21
mturk_agent_1,49,female,741,23
mturk_agent_2,55,female,741,18
mturk_agent_1,46,female,325,17
mturk_agent_2,35,female,325,19
mturk_agent_1,25,male,117,21
mturk_agent_2,30,male,117,19
mturk_agent_1,49,female,508,18
mturk_agent_2,36,female,508,18
mturk_agent_1,36,female,950,21
mturk_agent_2,29,male,950,19
mturk_agent_1,25,female,198,23
mturk_agent_2,40,female,198,18
mturk_agent_1,27,male,361,20
mturk_agent_2,39,female,361,18
mturk_agent_1,30,male,153,17
mturk_agent_2,25,male,153,20
mturk_agent_1,30,male,537,20
mturk_agent_2,34,female,537,16
mturk_agent_1,38,male,705,17
mturk_agent_2,24,female,705,21
mturk_agent_1,45,male,38,12
mturk_agent_2,25,male,38,24
mturk_agent_1,35,female,395,19
mturk_agent_2,27,male,395,21
mturk_agent_1,34,male,359,22
mturk_agent_2,65,female,359,18
mturk_agent_1,44,male,957,23
mturk_agent_2,55,male,957,17
mturk_agent_1,38,male,392,21
mturk_agent_2,29,male,392,18
mturk_agent_1,30,male,1008,24
mturk_agent_2,46,female,1008,12
mturk_agent_1,41,female,702,19
mturk_agent_2,29,male,702,23
mturk_agent_1,29,female,530,17
mturk_agent_2,31,male,530,21
mturk_agent_1,19,female,154,15
mturk_agent_2,35,female,154,23
mturk_agent_1,36,male,968,21
mturk_agent_2,27,male,968,16
mturk_agent_1,54,male,366,19
mturk_agent_2,28,male,366,17
mturk_agent_1,28,female,995,19
mturk_agent_2,26,female,995,19
mturk_agent_1,27,male,36,19
mturk_agent_2,40,male,36,17
mturk_agent_1,46,female,1001,13
mturk_agent_2,26,female,1001,23
mturk_agent_1,20,female,539,20
mturk_agent_2,31,female,539,16
mturk_agent_1,31,male,961,16
mturk_agent_2,33,female,961,18
mturk_agent_1,34,female,196,17
mturk_agent_2,22,male,196,22
mturk_agent_1,49,male,162,21
mturk_agent_2,29,male,162,19
mturk_agent_1,26,male,350,17
mturk_agent_2,30,male,350,19
mturk_agent_1,59,female,734,19
mturk_agent_2,43,female,734,17
mturk_agent_1,24,female,506,18
mturk_agent_2,34,male,506,22
mturk_agent_1,32,female,966,20
mturk_agent_2,27,female,966,17
mturk_agent_1,33,female,368,19
mturk_agent_2,27,female,368,23
mturk_agent_1,36,female,1006,22
mturk_agent_2,66,female,1006,18
mturk_agent_1,37,male,31,21
mturk_agent_2,29,female,31,19
mturk_agent_1,41,male,992,18
mturk_agent_2,29,male,992,20
mturk_agent_1,27,male,501,19
mturk_agent_2,31,female,501,17
mturk_agent_1,30,female,733,23
mturk_agent_2,40,male,733,13
mturk_agent_1,37,male,357,22
mturk_agent_2,53,female,357,19
mturk_agent_1,26,female,165,24
mturk_agent_2,32,male,165,15
mturk_agent_1,38,male,959,19
mturk_agent_2,29,female,959,17
mturk_agent_1,32,male,191,23
mturk_agent_2,31,male,191,19
mturk_agent_1,43,male,767,15
mturk_agent_2,22,male,767,21
mturk_agent_1,34,female,555,16
mturk_agent_2,22,male,555,20
mturk_agent_1,25,female,131,17
mturk_agent_2,55,male,131,22
mturk_agent_1,34,male,303,22
mturk_agent_2,20,female,303,18
mturk_agent_1,37,male,793,21
mturk_agent_2,35,female,793,16
mturk_agent_1,40,male,932,19
mturk_agent_2,62,female,932,17
mturk_agent_1,26,male,91,16
mturk_agent_2,39,female,91,21
mturk_agent_1,53,female,758,13
mturk_agent_2,52,male,758,25
mturk_agent_1,55,male,65,19
mturk_agent_2,32,female,65,16
mturk_agent_1,31,male,794,23
mturk_agent_2,35,male,794,18
mturk_agent_1,56,male,304,19
mturk_agent_2,45,female,304,21
mturk_agent_1,31,male,136,23
mturk_agent_2,33,male,136,19
mturk_agent_1,25,female,552,19
mturk_agent_2,31,male,552,22
mturk_agent_1,21,male,760,25
mturk_agent_2,28,male,760,13
mturk_agent_1,31,male,62,19
mturk_agent_2,40,female,62,23
mturk_agent_1,32,female,599,17
mturk_agent_2,40,female,599,19
mturk_agent_1,31,female,96,18
mturk_agent_2,36,male,96,18
mturk_agent_1,54,female,935,27
mturk_agent_2,30,male,935,9
mturk_agent_1,28,female,109,20
mturk_agent_2,34,female,109,17
mturk_agent_1,32,female,590,23
mturk_agent_2,41,male,590,14
mturk_agent_1,37,female,564,23
mturk_agent_2,36,female,564,17
mturk_agent_1,72,female,756,13
mturk_agent_2,33,male,756,23
mturk_agent_1,33,female,332,22
mturk_agent_2,34,male,332,18
mturk_agent_1,29,male,100,18
mturk_agent_2,42,male,100,23
mturk_agent_1,35,female,54,17
mturk_agent_2,41,female,54,21
mturk_agent_1,34,female,903,19
mturk_agent_2,29,male,903,18
mturk_agent_1,46,male,769,25
mturk_agent_2,26,male,769,14
mturk_agent_1,27,male,107,20
mturk_agent_2,41,female,107,18
mturk_agent_1,48,female,335,22
mturk_agent_2,49,female,335,19
mturk_agent_1,33,male,751,11
mturk_agent_2,44,male,751,26
mturk_agent_1,36,female,563,18
mturk_agent_2,34,female,563,22
mturk_agent_1,29,male,98,18
mturk_agent_2,33,male,98,21
mturk_agent_1,35,male,597,13
mturk_agent_2,56,female,597,26
mturk_agent_1,30,male,904,11
mturk_agent_2,50,female,904,26
mturk_agent_1,40,female,138,19
mturk_agent_2,49,male,138,17
mturk_agent_1,23,female,53,19
mturk_agent_2,25,female,53,17
mturk_agent_1,30,female,30,20
mturk_agent_2,30,male,30,17
mturk_agent_1,36,female,1007,18
mturk_agent_2,57,male,1007,23
mturk_agent_1,34,female,993,17
mturk_agent_2,36,female,993,21
mturk_agent_1,41,female,369,21
mturk_agent_2,29,female,369,19
mturk_agent_1,28,female,967,18
mturk_agent_2,56,female,967,20
mturk_agent_1,20,female,190,18
mturk_agent_2,56,female,190,18
mturk_agent_1,33,male,732,20
mturk_agent_2,36,male,732,18
mturk_agent_1,30,male,500,18
mturk_agent_2,38,female,500,23
mturk_agent_1,41,female,958,20
mturk_agent_2,45,male,958,17
mturk_agent_1,35,male,164,17
mturk_agent_2,28,male,164,22
mturk_agent_1,33,male,356,17
mturk_agent_2,30,male,356,21
mturk_agent_1,43,female,538,17
mturk_agent_2,67,female,538,19
mturk_agent_1,45,female,960,22
mturk_agent_2,30,female,960,18
mturk_agent_1,40,female,994,23
mturk_agent_2,36,male,994,19
mturk_agent_1,34,male,1000,18
mturk_agent_2,28,male,1000,23
mturk_agent_1,52,female,37,16
mturk_agent_2,65,female,37,22
mturk_agent_1,52,female,351,19
mturk_agent_2,24,female,351,17
mturk_agent_1,43,male,163,17
mturk_agent_2,30,male,163,21
mturk_agent_1,19,female,507,20
mturk_agent_2,46,male,507,18
mturk_agent_1,35,male,735,21
mturk_agent_2,40,female,735,18
mturk_agent_1,39,female,197,19
mturk_agent_2,33,male,197,18
mturk_agent_1,47,male,956,16
mturk_agent_2,52,female,956,21
mturk_agent_1,36,male,358,20
mturk_agent_2,44,male,358,18
mturk_agent_1,46,male,531,21
mturk_agent_2,26,female,531,18
mturk_agent_1,24,female,703,20
mturk_agent_2,24,female,703,17
mturk_agent_1,35,female,367,17
mturk_agent_2,30,male,367,19
mturk_agent_1,36,male,969,15
mturk_agent_2,33,female,969,21
mturk_agent_1,35,male,155,19
mturk_agent_2,35,female,155,17
mturk_agent_1,29,male,393,18
mturk_agent_2,25,male,393,23
mturk_agent_1,51,female,1009,14
mturk_agent_2,27,female,1009,22
mturk_agent_1,56,female,199,20
mturk_agent_2,44,male,199,18
mturk_agent_1,37,male,509,17
mturk_agent_2,40,female,509,19
mturk_agent_1,35,female,951,23
mturk_agent_2,33,male,951,18
mturk_agent_1,30,female,39,22
mturk_agent_2,31,female,39,19
mturk_agent_1,27,male,394,21
mturk_agent_2,56,male,394,19
mturk_agent_1,38,female,152,21
mturk_agent_2,26,male,152,19
mturk_agent_1,37,male,360,25
mturk_agent_2,41,male,360,13
mturk_agent_1,27,female,704,17
mturk_agent_2,37,male,704,19
mturk_agent_1,27,male,536,19
mturk_agent_2,24,female,536,17
mturk_agent_1,32,female,596,18
mturk_agent_2,68,male,596,20
mturk_agent_1,31,female,334,24
mturk_agent_2,29,female,334,12
mturk_agent_1,26,female,106,19
mturk_agent_2,29,male,106,19
mturk_agent_1,25,female,99,19
mturk_agent_2,29,male,99,22
mturk_agent_1,40,male,562,17
mturk_agent_2,22,female,562,19
mturk_agent_1,35,female,750,20
mturk_agent_2,40,male,750,17
mturk_agent_1,42,female,52,18
mturk_agent_2,27,male,52,20
mturk_agent_1,25,male,139,20
mturk_agent_2,39,female,139,17
mturk_agent_1,32,male,905,23
mturk_agent_2,27,female,905,18
mturk_agent_1,31,male,757,17
mturk_agent_2,39,female,757,19
mturk_agent_1,19,male,565,20
mturk_agent_2,40,female,565,17
mturk_agent_1,20,female,101,13
mturk_agent_2,26,female,101,23
mturk_agent_1,27,male,333,15
mturk_agent_2,34,female,333,20
mturk_agent_1,22,female,591,20
mturk_agent_2,29,female,591,17
mturk_agent_1,22,female,902,18
mturk_agent_2,3,male,902,19
mturk_agent_1,19,female,768,19
mturk_agent_2,62,female,768,21
mturk_agent_1,32,female,55,18
mturk_agent_2,30,male,55,18
mturk_agent_1,44,female,137,18
mturk_agent_2,34,male,137,20
mturk_agent_1,47,male,305,19
mturk_agent_2,32,male,305,23
mturk_agent_1,33,female,761,16
mturk_agent_2,33,female,761,20
mturk_agent_1,27,female,553,23
mturk_agent_2,24,female,553,19
mturk_agent_1,46,female,795,18
mturk_agent_2,22,female,795,21
mturk_agent_1,34,male,97,20
mturk_agent_2,26,male,97,16
mturk_agent_1,40,female,108,23
mturk_agent_2,33,female,108,19
mturk_agent_1,58,female,934,15
mturk_agent_2,34,male,934,21
mturk_agent_1,36,female,598,19
mturk_agent_2,30,female,598,23
mturk_agent_1,20,male,63,23
mturk_agent_2,35,male,63,19
mturk_agent_1,37,male,792,19
mturk_agent_2,44,female,792,17
mturk_agent_1,58,female,554,13
mturk_agent_2,30,female,554,23
mturk_agent_1,30,male,766,23
mturk_agent_2,23,male,766,18
mturk_agent_1,35,female,302,19
mturk_agent_2,24,female,302,23
mturk_agent_1,26,female,130,19
mturk_agent_2,23,female,130,17
mturk_agent_1,33,male,64,21
mturk_agent_2,27,male,64,18
mturk_agent_1,30,female,933,13
mturk_agent_2,38,female,933,23
mturk_agent_1,33,male,759,16
mturk_agent_2,24,male,759,20
mturk_agent_1,29,female,90,20
mturk_agent_2,32,female,90,18
mturk_agent_1,38,male,419,23
mturk_agent_2,31,male,419,19
mturk_agent_1,68,male,841,23
mturk_agent_2,28,male,841,19
mturk_agent_1,46,female,270,23
mturk_agent_2,27,male,270,19
mturk_agent_1,39,female,426,15
mturk_agent_2,68,female,426,20
mturk_agent_1,31,male,614,17
mturk_agent_2,29,male,614,20
mturk_agent_1,36,male,284,17
mturk_agent_2,32,female,284,19
mturk_agent_1,46,male,248,17
mturk_agent_2,30,female,248,19
mturk_agent_1,19,female,846,20
mturk_agent_2,32,male,846,18
mturk_agent_1,59,female,283,17
mturk_agent_2,65,male,283,19
mturk_agent_1,30,female,613,26
mturk_agent_2,41,female,613,13
mturk_agent_1,39,female,421,22
mturk_agent_2,31,female,421,19
mturk_agent_1,40,male,879,11
mturk_agent_2,28,male,879,25
mturk_agent_1,30,female,277,22
mturk_agent_2,28,female,277,14
mturk_agent_1,27,male,884,20
mturk_agent_2,36,female,884,17
mturk_agent_1,33,male,428,18
mturk_agent_2,29,male,428,22
mturk_agent_1,38,male,870,14
mturk_agent_2,59,female,870,25
mturk_agent_1,28,female,241,23
mturk_agent_2,31,male,241,19
mturk_agent_1,54,female,625,16
mturk_agent_2,29,female,625,21
mturk_agent_1,28,male,417,19
mturk_agent_2,24,female,417,19
mturk_agent_1,30,female,877,18
mturk_agent_2,38,female,877,22
mturk_agent_1,28,female,279,21
mturk_agent_2,34,female,279,15
mturk_agent_1,32,male,883,23
mturk_agent_2,32,male,883,18
mturk_agent_1,24,female,410,17
mturk_agent_2,54,female,410,20
mturk_agent_1,39,female,622,21
mturk_agent_2,31,male,622,15
mturk_agent_1,35,female,246,21
mturk_agent_2,27,female,246,17
mturk_agent_1,68,male,848,17
mturk_agent_2,32,female,848,20
mturk_agent_1,25,female,676,22
mturk_agent_2,27,male,676,14
mturk_agent_1,50,male,444,21
mturk_agent_2,45,male,444,17
mturk_agent_1,44,male,212,18
mturk_agent_2,40,female,212,20
mturk_agent_1,34,female,682,17
mturk_agent_2,33,male,682,19
mturk_agent_1,24,female,823,19
mturk_agent_2,32,female,823,17
mturk_agent_1,48,female,649,19
mturk_agent_2,27,female,649,15
mturk_agent_1,39,female,685,21
mturk_agent_2,35,male,685,19
mturk_agent_1,45,male,215,9
mturk_agent_2,45,female,215,27
mturk_agent_1,36,male,443,20
mturk_agent_2,28,female,443,17
mturk_agent_1,38,female,671,20
mturk_agent_2,31,male,671,18
mturk_agent_1,54,male,488,14
mturk_agent_2,26,female,488,22
mturk_agent_1,28,female,824,18
mturk_agent_2,55,female,824,18
mturk_agent_1,70,female,481,20
mturk_agent_2,25,male,481,17
mturk_agent_1,32,female,475,20
mturk_agent_2,61,female,475,17
mturk_agent_1,22,female,647,16
mturk_agent_2,35,female,647,20
mturk_agent_1,34,female,223,19
mturk_agent_2,40,female,223,23
mturk_agent_1,24,male,812,29
mturk_agent_2,57,male,812,7
mturk_agent_1,36,male,678,17
mturk_agent_2,46,female,678,19
mturk_agent_1,24,male,224,23
mturk_agent_2,54,male,224,14
mturk_agent_1,47,male,640,19
mturk_agent_2,66,female,640,22
mturk_agent_1,52,male,472,19
mturk_agent_2,42,male,472,23
mturk_agent_1,41,female,486,18
mturk_agent_2,29,female,486,23
mturk_agent_1,18,male,815,18
mturk_agent_2,56,male,815,18
mturk_agent_1,21,female,882,16
mturk_agent_2,56,female,882,20
mturk_agent_1,42,male,278,19
mturk_agent_2,25,female,278,17
mturk_agent_1,44,male,876,19
mturk_agent_2,44,male,876,17
mturk_agent_1,39,female,623,21
mturk_agent_2,35,male,623,19
mturk_agent_1,41,female,411,16
mturk_agent_2,30,female,411,22
mturk_agent_1,33,female,849,18
mturk_agent_2,33,female,849,22
mturk_agent_1,36,male,247,18
mturk_agent_2,40,male,247,18
mturk_agent_1,34,male,429,22
mturk_agent_2,32,female,429,19
mturk_agent_1,40,male,871,20
mturk_agent_2,40,male,871,17
mturk_agent_1,27,male,885,17
mturk_agent_2,20,male,885,23
mturk_agent_1,39,female,240,20
mturk_agent_2,63,female,240,16
mturk_agent_1,42,female,416,22
mturk_agent_2,45,male,416,14
mturk_agent_1,56,female,624,21
mturk_agent_2,25,female,624,17
mturk_agent_1,24,female,847,11
mturk_agent_2,38,male,847,25
mturk_agent_1,25,male,249,18
mturk_agent_2,25,female,249,18
mturk_agent_1,36,male,420,16
mturk_agent_2,49,female,420,20
mturk_agent_1,43,male,612,12
mturk_agent_2,29,male,612,24
mturk_agent_1,35,female,276,17
mturk_agent_2,24,female,276,19
mturk_agent_1,30,male,878,17
mturk_agent_2,26,male,878,19
mturk_agent_1,49,female,282,16
mturk_agent_2,35,male,282,20
mturk_agent_1,44,female,418,21
mturk_agent_2,35,female,418,19
mturk_agent_1,36,male,840,18
mturk_agent_2,38,female,840,18
mturk_agent_1,34,female,285,20
mturk_agent_2,40,male,285,18
mturk_agent_1,29,female,271,23
mturk_agent_2,26,female,271,14
mturk_agent_1,51,male,615,12
mturk_agent_2,28,male,615,24
mturk_agent_1,29,female,427,11
mturk_agent_2,33,female,427,23
mturk_agent_1,29,male,487,18
mturk_agent_2,30,male,487,23
mturk_agent_1,38,male,225,19
mturk_agent_2,19,female,225,17
mturk_agent_1,31,male,473,17
mturk_agent_2,37,male,473,19
mturk_agent_1,40,female,641,17
mturk_agent_2,39,male,641,21
mturk_agent_1,27,male,814,19
mturk_agent_2,36,female,814,17
mturk_agent_1,29,male,646,23
mturk_agent_2,39,female,646,19
mturk_agent_1,50,female,474,17
mturk_agent_2,24,female,474,19
mturk_agent_1,26,female,222,23
mturk_agent_2,50,male,222,19
mturk_agent_1,25,male,480,17
mturk_agent_2,43,male,480,19
mturk_agent_1,54,female,813,15
mturk_agent_2,28,female,813,19
mturk_agent_1,53,female,679,23
mturk_agent_2,24,female,679,18
mturk_agent_1,22,female,214,18
mturk_agent_2,26,female,214,19
mturk_agent_1,35,female,670,24
mturk_agent_2,33,male,670,12
mturk_agent_1,65,female,442,21
mturk_agent_2,32,male,442,15
mturk_agent_1,22,female,684,22
mturk_agent_2,44,female,684,17
mturk_agent_1,51,female,825,20
mturk_agent_2,30,female,825,16
mturk_agent_1,34,male,489,22
mturk_agent_2,34,female,489,16
mturk_agent_1,31,male,683,21
mturk_agent_2,35,male,683,18
mturk_agent_1,43,male,445,18
mturk_agent_2,38,male,445,19
mturk_agent_1,39,female,677,17
mturk_agent_2,31,male,677,19
mturk_agent_1,42,male,213,5
mturk_agent_2,24,female,213,5
mturk_agent_1,54,female,822,31
mturk_agent_2,38,male,822,5
mturk_agent_1,33,female,648,21
mturk_agent_2,21,female,648,16
mturk_agent_1,3,male,458,20
mturk_agent_2,31,male,458,17
mturk_agent_1,30,male,800,21
mturk_agent_2,45,male,800,15
mturk_agent_1,33,male,493,20
mturk_agent_2,38,male,493,17
mturk_agent_1,38,female,231,17
mturk_agent_2,30,female,231,21
mturk_agent_1,25,male,655,15
mturk_agent_2,34,female,655,23
mturk_agent_1,30,female,467,5
mturk_agent_2,29,male,467,5
mturk_agent_1,34,male,807,23
mturk_agent_2,44,male,807,18
mturk_agent_1,32,female,209,22
mturk_agent_2,33,female,209,19
mturk_agent_1,27,male,699,19
mturk_agent_2,30,female,699,17
mturk_agent_1,24,male,460,19
mturk_agent_2,28,female,460,22
mturk_agent_1,53,male,652,20
mturk_agent_2,25,male,652,18
mturk_agent_1,38,male,236,23
mturk_agent_2,34,male,236,17
mturk_agent_1,38,male,838,22
mturk_agent_2,32,female,838,17
mturk_agent_1,62,male,494,16
mturk_agent_2,32,male,494,21
mturk_agent_1,23,male,469,23
mturk_agent_2,24,female,469,14
mturk_agent_1,43,male,831,18
mturk_agent_2,51,female,831,22
mturk_agent_1,38,female,200,21
mturk_agent_2,45,male,200,16
mturk_agent_1,36,male,456,21
mturk_agent_2,45,male,456,16
mturk_agent_1,36,female,664,5
mturk_agent_2,33,female,664,5
mturk_agent_1,36,female,690,17
mturk_agent_2,27,male,690,19
mturk_agent_1,38,female,238,19
mturk_agent_2,27,male,238,17
mturk_agent_1,33,female,836,23
mturk_agent_2,36,male,836,19
mturk_agent_1,34,female,697,19
mturk_agent_2,28,male,697,22
mturk_agent_1,28,female,663,24
mturk_agent_2,31,male,663,15
mturk_agent_1,63,female,451,12
mturk_agent_2,24,female,451,24
mturk_agent_1,38,male,809,19
mturk_agent_2,40,male,809,17
mturk_agent_1,49,female,207,18
mturk_agent_2,31,male,207,18
mturk_agent_1,41,male,405,18
mturk_agent_2,52,female,405,21
mturk_agent_1,29,male,637,19
mturk_agent_2,38,male,637,18
mturk_agent_1,47,female,253,14
mturk_agent_2,42,male,253,25
mturk_agent_1,25,male,896,18
mturk_agent_2,39,male,896,23
mturk_agent_1,35,male,298,21
mturk_agent_2,29,male,298,18
mturk_agent_1,46,female,862,18
mturk_agent_2,38,male,862,21
mturk_agent_1,35,female,608,17
mturk_agent_2,18,male,608,19
mturk_agent_1,29,male,254,19
mturk_agent_2,45,male,254,21
mturk_agent_1,37,female,630,20
mturk_agent_2,39,female,630,18
mturk_agent_1,38,male,402,19
mturk_agent_2,34,female,402,17
mturk_agent_1,25,female,865,17
mturk_agent_2,63,female,865,20
mturk_agent_1,30,female,891,18
mturk_agent_2,26,male,891,21
mturk_agent_1,25,female,606,20
mturk_agent_2,35,female,606,17
mturk_agent_1,33,female,434,19
mturk_agent_2,49,male,434,17
mturk_agent_1,35,female,262,18
mturk_agent_2,55,male,262,20
mturk_agent_1,45,female,898,18
mturk_agent_2,30,female,898,20
mturk_agent_1,38,female,296,21
mturk_agent_2,29,female,296,17
mturk_agent_1,24,female,853,18
mturk_agent_2,34,male,853,19
mturk_agent_1,29,male,639,16
mturk_agent_2,47,male,639,20
mturk_agent_1,27,male,291,19
mturk_agent_2,30,female,291,23
mturk_agent_1,51,female,265,18
mturk_agent_2,21,female,265,20
mturk_agent_1,22,male,433,25
mturk_agent_2,57,female,433,13
mturk_agent_1,29,male,601,20
mturk_agent_2,45,male,601,17
mturk_agent_1,30,male,854,19
mturk_agent_2,37,male,854,17
mturk_agent_1,38,male,837,5
mturk_agent_2,38,male,837,5
mturk_agent_1,30,male,239,15
mturk_agent_2,43,male,239,21
mturk_agent_1,61,female,450,14
mturk_agent_2,34,male,450,23
mturk_agent_1,25,male,662,17
mturk_agent_2,24,female,662,19
mturk_agent_1,32,female,206,5
mturk_agent_2,43,male,206,5
mturk_agent_1,25,male,808,20
mturk_agent_2,36,male,808,17
mturk_agent_1,29,male,696,16
mturk_agent_2,34,male,696,20
mturk_agent_1,41,female,468,25
mturk_agent_2,59,female,468,13
mturk_agent_1,19,female,830,21
mturk_agent_2,30,male,830,18
mturk_agent_1,32,female,691,17
mturk_agent_2,29,female,691,19
mturk_agent_1,48,female,201,18
mturk_agent_2,41,male,201,20
mturk_agent_1,39,female,665,19
mturk_agent_2,22,female,665,19
mturk_agent_1,52,female,457,20
mturk_agent_2,44,female,457,16
mturk_agent_1,33,male,698,17
mturk_agent_2,25,male,698,22
mturk_agent_1,56,female,208,22
mturk_agent_2,41,female,208,18
mturk_agent_1,36,female,806,19
mturk_agent_2,55,female,806,19
mturk_agent_1,28,female,495,18
mturk_agent_2,33,female,495,21
mturk_agent_1,39,female,653,19
mturk_agent_2,30,male,653,22
mturk_agent_1,33,male,461,19
mturk_agent_2,37,female,461,17
mturk_agent_1,33,male,839,19
mturk_agent_2,29,male,839,17
mturk_agent_1,30,female,237,18
mturk_agent_2,51,female,237,20
mturk_agent_1,40,male,459,17
mturk_agent_2,36,male,459,19
mturk_agent_1,26,male,801,23
mturk_agent_2,29,male,801,18
mturk_agent_1,36,male,230,17
mturk_agent_2,41,male,230,20
mturk_agent_1,26,male,466,20
mturk_agent_2,26,female,466,18
mturk_agent_1,37,female,654,17
mturk_agent_2,47,female,654,20
mturk_agent_1,37,male,492,17
mturk_agent_2,40,female,492,19
mturk_agent_1,32,female,264,17
mturk_agent_2,27,female,264,20
mturk_agent_1,29,male,600,21
mturk_agent_2,42,male,600,18
mturk_agent_1,32,female,432,15
mturk_agent_2,22,male,432,27
mturk_agent_1,34,female,290,16
mturk_agent_2,30,male,290,22
mturk_agent_1,26,male,855,21
mturk_agent_2,43,male,855,15
mturk_agent_1,32,male,297,11
mturk_agent_2,65,female,297,23
mturk_agent_1,28,female,899,21
mturk_agent_2,37,male,899,19
mturk_agent_1,34,female,435,17
mturk_agent_2,28,male,435,19
mturk_agent_1,27,male,607,19
mturk_agent_2,40,male,607,22
mturk_agent_1,30,male,263,19
mturk_agent_2,35,female,263,17
mturk_agent_1,35,female,852,17
mturk_agent_2,41,male,852,20
mturk_agent_1,32,female,638,23
mturk_agent_2,20,male,638,18
mturk_agent_1,24,male,403,18
mturk_agent_2,45,male,403,22
mturk_agent_1,44,male,631,18
mturk_agent_2,28,female,631,18
mturk_agent_1,31,male,890,17
mturk_agent_2,57,male,890,22
mturk_agent_1,32,male,864,22
mturk_agent_2,47,male,864,16
mturk_agent_1,36,female,636,17
mturk_agent_2,25,male,636,19
mturk_agent_1,32,female,404,16
mturk_agent_2,39,male,404,22
mturk_agent_1,36,male,252,17
mturk_agent_2,36,male,252,19
mturk_agent_1,35,female,863,5
mturk_agent_2,33,male,863,5
mturk_agent_1,31,male,609,22
mturk_agent_2,32,male,609,18
mturk_agent_1,51,female,299,20
mturk_agent_2,39,male,299,16
mturk_agent_1,20,male,897,22
mturk_agent_2,43,male,897,17
mturk_agent_1,35,female,46,20
mturk_agent_2,30,male,46,17
mturk_agent_1,39,female,549,17
mturk_agent_2,28,male,549,21
mturk_agent_1,30,male,911,16
mturk_agent_2,41,female,911,20
mturk_agent_1,25,male,582,22
mturk_agent_2,31,male,582,18
mturk_agent_1,28,male,79,18
mturk_agent_2,38,female,79,20
mturk_agent_1,52,female,112,16
mturk_agent_2,20,female,112,21
mturk_agent_1,18,male,320,22
mturk_agent_2,24,female,320,16
mturk_agent_1,24,male,744,18
mturk_agent_2,29,male,744,21
mturk_agent_1,51,male,576,18
mturk_agent_2,29,female,576,21
mturk_agent_1,36,female,916,22
mturk_agent_2,37,female,916,17
mturk_agent_1,30,male,318,22
mturk_agent_2,33,male,318,17
mturk_agent_1,30,male,788,23
mturk_agent_2,28,female,788,19
mturk_agent_1,26,male,41,15
mturk_agent_2,65,female,41,21
mturk_agent_1,35,female,571,13
mturk_agent_2,27,male,571,22
mturk_agent_1,33,male,743,18
mturk_agent_2,38,female,743,18
mturk_agent_1,33,male,327,21
mturk_agent_2,22,male,327,15
mturk_agent_1,34,female,115,20
mturk_agent_2,43,male,115,15
mturk_agent_1,56,female,929,17
mturk_agent_2,30,female,929,22
mturk_agent_1,25,male,585,18
mturk_agent_2,25,female,585,22
mturk_agent_1,35,male,83,17
mturk_agent_2,43,male,83,21
mturk_agent_1,57,female,578,10
mturk_agent_2,39,male,578,26
mturk_agent_1,35,male,920,20
mturk_agent_2,20,female,920,17
mturk_agent_1,31,female,77,13
mturk_agent_2,63,male,77,25
mturk_agent_1,33,male,311,19
mturk_agent_2,39,male,311,23
mturk_agent_1,42,male,123,20
mturk_agent_2,25,male,123,18
mturk_agent_1,28,male,547,17
mturk_agent_2,34,male,547,22
mturk_agent_1,39,male,775,19
mturk_agent_2,42,male,775,23
mturk_agent_1,35,female,48,22
mturk_agent_2,40,male,48,19
mturk_agent_1,25,male,781,5
mturk_agent_2,38,female,781,5
mturk_agent_1,44,male,70,19
mturk_agent_2,56,female,70,23
mturk_agent_1,28,female,329,19
mturk_agent_2,41,male,329,23
mturk_agent_1,68,male,927,22
mturk_agent_2,30,female,927,18
mturk_agent_1,48,female,84,17
mturk_agent_2,48,female,84,19
mturk_agent_1,51,female,786,21
mturk_agent_2,26,female,786,16
mturk_agent_1,46,male,772,21
mturk_agent_2,21,male,772,19
mturk_agent_1,32,male,540,22
mturk_agent_2,63,female,540,18
mturk_agent_1,36,male,124,19
mturk_agent_2,30,female,124,23
mturk_agent_1,38,male,918,21
mturk_agent_2,30,female,918,16
mturk_agent_1,33,male,316,23
mturk_agent_2,37,male,316,19
mturk_agent_1,39,female,184,21
mturk_agent_2,47,male,184,15
mturk_agent_1,27,male,514,17
mturk_agent_2,35,male,514,19
mturk_agent_1,32,female,726,17
mturk_agent_2,52,female,726,19
mturk_agent_1,32,female,342,20
mturk_agent_2,49,male,342,16
mturk_agent_1,25,male,170,23
mturk_agent_2,43,female,170,18
mturk_agent_1,68,male,1013,18
mturk_agent_2,39,male,1013,23
mturk_agent_1,41,male,24,19
mturk_agent_2,38,male,24,22
mturk_agent_1,42,female,987,23
mturk_agent_2,21,male,987,19
mturk_agent_1,34,female,389,17
mturk_agent_2,19,male,389,19
mturk_agent_1,29,male,973,19
mturk_agent_2,18,male,973,18
mturk_agent_1,40,female,719,17
mturk_agent_2,23,male,719,19
mturk_agent_1,40,male,177,17
mturk_agent_2,44,male,177,19
mturk_agent_1,40,male,345,21
mturk_agent_2,38,male,345,18
mturk_agent_1,44,female,721,17
mturk_agent_2,63,female,721,20
mturk_agent_1,36,female,513,17
mturk_agent_2,18,male,513,19
mturk_agent_1,22,female,183,21
mturk_agent_2,30,male,183,15
mturk_agent_1,25,male,974,19
mturk_agent_2,29,male,974,22
mturk_agent_1,39,female,148,19
mturk_agent_2,31,female,148,17
mturk_agent_1,53,female,980,17
mturk_agent_2,61,female,980,20
mturk_agent_1,50,male,23,17
mturk_agent_2,56,female,23,20
mturk_agent_1,47,male,1014,18
mturk_agent_2,30,female,1014,22
mturk_agent_1,39,female,717,19
mturk_agent_2,59,male,717,23
mturk_agent_1,24,male,525,22
mturk_agent_2,42,male,525,17
mturk_agent_1,36,female,141,21
mturk_agent_2,40,male,141,17
mturk_agent_1,37,male,373,17
mturk_agent_2,37,female,373,19
mturk_agent_1,42,female,4,17
mturk_agent_2,24,female,4,19
mturk_agent_1,36,female,989,20
mturk_agent_2,23,male,989,18
mturk_agent_1,54,male,387,16
mturk_agent_2,55,male,387,21
mturk_agent_1,54,male,942,18
mturk_agent_2,65,male,942,22
mturk_agent_1,24,male,728,22
mturk_agent_2,21,male,728,13
mturk_agent_1,28,female,15,19
mturk_agent_2,45,female,15,17
mturk_agent_1,32,female,1022,17
mturk_agent_2,55,female,1022,21
mturk_agent_1,31,male,380,22
mturk_agent_2,28,female,380,19
mturk_agent_1,33,female,3,23
mturk_agent_2,48,female,3,19
mturk_agent_1,34,male,374,19
mturk_agent_2,45,male,374,19
mturk_agent_1,43,male,146,16
mturk_agent_2,43,male,146,20
mturk_agent_1,37,female,522,22
mturk_agent_2,41,female,522,19
mturk_agent_1,56,female,710,16
mturk_agent_2,35,male,710,21
mturk_agent_1,24,female,1025,17
mturk_agent_2,35,male,1025,19
mturk_agent_1,29,female,12,19
mturk_agent_2,30,male,12,17
mturk_agent_1,34,female,945,13
mturk_agent_2,32,female,945,23
mturk_agent_1,32,female,179,18
mturk_agent_2,40,male,179,20
mturk_agent_1,28,female,926,17
mturk_agent_2,34,male,926,19
mturk_agent_1,36,female,328,19
mturk_agent_2,58,male,328,17
mturk_agent_1,53,female,85,18
mturk_agent_2,31,female,85,22
mturk_agent_1,25,female,71,23
mturk_agent_2,32,female,71,19
mturk_agent_1,20,female,541,17
mturk_agent_2,34,male,541,23
mturk_agent_1,43,female,773,20
mturk_agent_2,35,female,773,18
mturk_agent_1,31,male,317,18
mturk_agent_2,22,female,317,21
mturk_agent_1,51,female,919,19
mturk_agent_2,3,male,919,17
mturk_agent_1,59,male,125,21
mturk_agent_2,29,male,125,15
mturk_agent_1,38,male,787,18
mturk_agent_2,59,female,787,21
mturk_agent_1,29,male,76,20
mturk_agent_2,33,female,76,16
mturk_agent_1,35,male,579,16
mturk_agent_2,25,male,579,20
mturk_agent_1,56,female,82,22
mturk_agent_2,36,male,82,19
mturk_agent_1,25,male,921,19
mturk_agent_2,44,female,921,17
mturk_agent_1,38,female,780,22
mturk_agent_2,56,female,780,17
mturk_agent_1,36,female,49,16
mturk_agent_2,53,female,49,21
mturk_agent_1,38,male,122,23
mturk_agent_2,41,male,122,14
mturk_agent_1,36,female,310,18
mturk_agent_2,35,female,310,18
mturk_agent_1,32,female,774,15
mturk_agent_2,53,female,774,24
mturk_agent_1,38,female,546,17
mturk_agent_2,44,female,546,22
mturk_agent_1,30,male,40,22
mturk_agent_2,46,female,40,18
mturk_agent_1,24,female,789,19
mturk_agent_2,41,female,789,21
mturk_agent_1,39,female,319,19
mturk_agent_2,26,male,319,21
mturk_agent_1,26,male,917,20
mturk_agent_2,27,male,917,16
mturk_agent_1,25,male,584,19
mturk_agent_2,35,female,584,17
mturk_agent_1,25,male,742,18
mturk_agent_2,27,female,742,20
mturk_agent_1,36,female,570,20
mturk_agent_2,44,male,570,16
mturk_agent_1,29,male,928,19
mturk_agent_2,27,female,928,23
mturk_agent_1,35,male,114,19
mturk_agent_2,30,male,114,21
mturk_agent_1,32,female,326,18
mturk_agent_2,33,male,326,23
mturk_agent_1,30,female,548,18
mturk_agent_2,31,male,548,20
mturk_agent_1,43,male,910,23
mturk_agent_2,38,female,910,14
mturk_agent_1,33,male,47,20
mturk_agent_2,37,male,47,16
mturk_agent_1,41,male,321,21
mturk_agent_2,55,male,321,19
mturk_agent_1,21,male,113,17
mturk_agent_2,19,female,113,19
mturk_agent_1,53,female,577,18
mturk_agent_2,51,female,577,20
mturk_agent_1,25,male,745,23
mturk_agent_2,26,female,745,15
mturk_agent_1,33,male,78,22
mturk_agent_2,31,male,78,19
mturk_agent_1,27,female,583,16
mturk_agent_2,56,female,583,22
mturk_agent_1,40,male,147,17
mturk_agent_2,40,female,147,19
mturk_agent_1,56,male,375,22
mturk_agent_2,54,male,375,17
mturk_agent_1,52,female,711,13
mturk_agent_2,41,male,711,26
mturk_agent_1,32,female,523,19
mturk_agent_2,35,female,523,17
mturk_agent_1,30,female,2,14
mturk_agent_2,26,male,2,23
mturk_agent_1,41,female,381,21
mturk_agent_2,28,female,381,16
mturk_agent_1,45,male,178,22
mturk_agent_2,27,female,178,18
mturk_agent_1,28,male,944,22
mturk_agent_2,50,female,944,18
mturk_agent_1,26,male,13,17
mturk_agent_2,40,male,13,23
mturk_agent_1,30,female,1024,21
mturk_agent_2,25,female,1024,15
mturk_agent_1,32,male,386,22
mturk_agent_2,29,male,386,18
mturk_agent_1,42,male,5,22
mturk_agent_2,27,female,5,19
mturk_agent_1,30,female,988,17
mturk_agent_2,37,female,988,19
mturk_agent_1,36,male,524,23
mturk_agent_2,24,male,524,19
mturk_agent_1,30,female,716,22
mturk_agent_2,27,male,716,18
mturk_agent_1,51,female,372,18
mturk_agent_2,21,female,372,18
mturk_agent_1,32,female,140,25
mturk_agent_2,22,male,140,11
mturk_agent_1,48,male,1023,18
mturk_agent_2,43,female,1023,20
mturk_agent_1,24,female,14,17
mturk_agent_2,35,male,14,23
mturk_agent_1,31,male,943,5
mturk_agent_2,38,male,943,31
mturk_agent_1,24,female,729,22
mturk_agent_2,22,female,729,17
mturk_agent_1,49,male,182,21
mturk_agent_2,50,female,182,19
mturk_agent_1,29,male,344,21
mturk_agent_2,44,female,344,15
mturk_agent_1,57,male,176,17
mturk_agent_2,32,female,176,22
mturk_agent_1,54,male,512,17
mturk_agent_2,29,male,512,19
mturk_agent_1,55,male,720,15
mturk_agent_2,51,female,720,21
mturk_agent_1,30,female,981,17
mturk_agent_2,41,male,981,22
mturk_agent_1,29,male,1015,18
mturk_agent_2,31,male,1015,18
mturk_agent_1,27,male,22,17
mturk_agent_2,27,male,22,23
mturk_agent_1,25,male,149,17
mturk_agent_2,39,female,149,19
mturk_agent_1,39,male,975,19
mturk_agent_2,37,female,975,17
mturk_agent_1,44,female,727,17
mturk_agent_2,37,male,727,21
mturk_agent_1,29,female,515,19
mturk_agent_2,65,male,515,17
mturk_agent_1,33,female,171,21
mturk_agent_2,37,male,171,15
mturk_agent_1,22,female,343,19
mturk_agent_2,45,female,343,23
mturk_agent_1,31,male,185,19
mturk_agent_2,36,male,185,23
mturk_agent_1,31,male,972,20
mturk_agent_2,25,male,972,18
mturk_agent_1,49,male,718,19
mturk_agent_2,33,female,718,17
mturk_agent_1,36,male,25,17
mturk_agent_2,57,male,25,19
mturk_agent_1,31,male,1012,16
mturk_agent_2,32,female,1012,21
mturk_agent_1,52,female,388,20
mturk_agent_2,58,female,388,14
mturk_agent_1,31,male,986,17
mturk_agent_2,37,male,986,19
